<?xml version="1.0" encoding="utf-8"?>
<modification>
	<code>brax_registro_pessoa</code>
	<name>BraxTI - Registro de Clientes</name>
	<version>1.00</version>
	<author>Leandro Anjos</author>
	<link>https://github.com/leandroanjos/opencart</link>   
	
	<file path="catalog/controller/account/register.php">			
		<operation>
			<search><![CDATA[$this->load->language('account/register');]]></search>
			<add position="before"><![CDATA[
				if ($this->config->get('module_brax_registro_pessoa_status')) {
					$this->response->redirect($this->url->link('extension/module/brax_registro_pessoa'));
				}
			]]></add>
			</operation>
	</file>
</modification>