<?xml version="1.0" encoding="utf-8"?>
<modification>
	<code>brax_menu_registro_atacado</code>
    <name>BraxTI - Menu Registro Atacado</name>
    <version>1.00</version>
    <author>Leandro Anjos</author>
    <link>https://github.com/leandroanjos/opencart</link>

	<file path="catalog/controller/common/menu.php">
        <operation>
            <search><![CDATA[$data['categories'] = array();]]></search>
            <add position="after"><![CDATA[
				$data['logged'] = $this->customer->isLogged();
			]]></add>
        </operation>
        <operation>
			<search><![CDATA[return $this->load->view('common/menu', $data);]]></search>
			<add position="before"><![CDATA[
				if (!$this->customer->isLogged()) {
					$menu_atacado = array(
							'name'  => 'Atacado',
							'href'  => 'index.php?route=account/register'
						);
					array_push($data['categories'], $menu_atacado);
				}
			]]></add>
		</operation>
    </file>	
</modification>