<?xml version="1.0" encoding="utf-8"?>
<modification>
	<code>brax_quantidade_produtos</code>
    <name>BraxTI - Quantidade de Produtos</name>
    <version>1.00</version>
    <author>Leandro Anjos</author>
    <link>https://github.com/leandroanjos/opencart</link>

	<file path="system/library/cart/cart.php">
        <operation>
            <search><![CDATA[$product_total += $product['quantity'];]]></search>
            <add position="replace"><![CDATA[
				$product_total += 1;
            ]]></add>
        </operation>
    </file>
	
</modification>