<?xml version="1.0" encoding="utf-8"?>
<modification>
	<code>brax_notificacao</code>
    <name>BraxTI - Notificações</name>
    <version>1.00</version>
    <author>Leandro Anjos</author>
    <link>https://github.com/leandroanjos/opencart</link>   
	
    <file path="catalog/controller/common/header.php">
        <operation>
            <search><![CDATA[$data['search'] = $this->load->controller('common/search');]]></search>
            <add position="before"><![CDATA[
				if ($this->config->get('module_brax_notificacao_status')) {
					$data['brax_notificacao'] = $this->load->controller('extension/module/brax_notificacao');
				}
            ]]></add>
        </operation>
    </file>

    <file path="admin/controller/mail/customer.php">
        <operation>
            <search><![CDATA[index.php?route=account/login]]></search>
            <add position="replace"><![CDATA[index.php?route=common/home]]></add>
        </operation>
    </file>
</modification>