<?xml version="1.0" encoding="utf-8"?>
<modification>
	<code>brax_condicao_pagto_01_02</code>
    <name>BraxTI - Combobox Tipo de Cliente</name>
    <version>1.02</version>
    <author>Leandro Anjos</author>
    <link>https://github.com/leandroanjos/opencart</link>   
	
	<file path="catalog/controller/common/header.php">
        <operation>
            <search><![CDATA[$data['search'] = $this->load->controller('common/search');]]></search>
            <add position="before"><![CDATA[
				if ($this->config->get('module_brax_condicao_pagto_status')) {
					$data['brax_condicao_pagto'] = $this->load->controller('extension/module/brax_condicao_pagto');
				}
            ]]></add>
        </operation>
    </file>
	
	<file path="catalog/model/account/customer.php">
        <operation>
            <search><![CDATA[public function editCode]]></search>
            <add position="before"><![CDATA[
				public function setPaymentTerm($customer_id, $customer_group_id) {
					$this->db->query("UPDATE `" . DB_PREFIX . "customer` SET customer_group_id = " . (int)$customer_group_id . " WHERE customer_id = " .  (int)$customer_id . "");
				}
            ]]></add>
        </operation>
    </file>
	<file path="catalog/view/theme/default/template/common/header.twig">
        <operation>
            <search><![CDATA[<div id="top-links" class="nav pull-right">]]></search>
            <add position="before"><![CDATA[
				{{ brax_condicao_pagto }}
            ]]></add>
        </operation>
    </file>
	
	</modification>