<?xml version="1.0" encoding="utf-8"?>
<modification>
	<code>brax_registro_pessoa</code>
	<name>BraxTI - Registro de Clientes</name>
	<version>1.01</version>
	<author>Leandro Anjos</author>
	<link>https://github.com/leandroanjos/opencart</link>   
	
	<file path="catalog/controller/account/register.php">			
		<operation>
			<search><![CDATA[$this->load->language('account/register');]]></search>
			<add position="before"><![CDATA[
				if ($this->config->get('module_brax_registro_pessoa_status')) {
					$this->response->redirect($this->url->link('extension/module/brax_registro_pessoa'));
				}
			]]></add>
			</operation>
	</file>

	<file path="catalog/model/account/customer.php">			
			<operation>
				<search><![CDATA[public function getTotalCustomersByEmail($email)]]></search>
				<add position="before"><![CDATA[
					public function getTotalCustomersByDoc($doc) {
						$query = $this->db->query("SELECT COUNT(*) AS total FROM " . DB_PREFIX . "brax_registro_pessoa WHERE doc = '" . $this->db->escape(utf8_strtolower($doc)) . "'");

						return $query->row['total'];
					}
					]]>
				</add>
			</operation>
		</file>
	
	<file path="admin/model/customer/customer_approval.php">			
		<operation>
			<search><![CDATA[c.`date_added` DESC";]]></search>
			<add position="after"><![CDATA[
				if ($this->config->get('module_brax_registro_pessoa_status')) {
					$str_register_name = "CONCAT(\"<b>Nome: </b>\", brp.`nome`, "
						."\"<br><b>Razão Social: </b>\", brp.`razao_social`,  "
						."\"<br><b>CPF/CNPJ: </b>\", brp.`doc`, "
						."\"<br><b>RG/IE: </b>\", brp.`rgie`, "
						."\"<br><b>Fone: </b>\", c.`telephone`, "
						."\"<br><b>Loja: </b>\", conf.`value`) AS name";

					$str_register_join = "customer_approval` ca "
						. " LEFT JOIN `oc_brax_registro_pessoa` brp ON (ca.`customer_id` = brp.`customer_id`)	"
						. " LEFT JOIN `oc_customer` c2 ON (ca.`customer_id` = c2.`customer_id`)	"
						. " LEFT JOIN `oc_setting` conf ON (c2.`store_id` = conf.`store_id` AND conf.`key` = 'config_name')	";
						
					$sql = str_replace("CONCAT(c.`firstname`, ' ', c.`lastname`) AS name", $str_register_name, $sql);
					$sql = str_replace("customer_approval` ca", $str_register_join, $sql);
				}
			]]></add>
		</operation>
	</file>
	
	<file path="catalog/controller/checkout/register.php">			
		<operation>
			<search><![CDATA[$this->load->language('checkout/checkout');]]></search>
			<add position="before"><![CDATA[
				if ($this->config->get('module_brax_registro_pessoa_status')) {
					$this->response->redirect($this->url->link('extension/module/brax_registro_pessoa'));
				}
			]]></add>
		</operation>
	</file>
	
	<file path="catalog/view/theme/*/template/checkout/checkout.twig">			
		<operation>
			<search><![CDATA[$(document).delegate('#button-account', 'click', function() {]]></search>
			<add position="replace"><![CDATA[
				$(document).delegate('#button-account', 'click', function() {
					window.location.href = 'index.php?route=extension/module/brax_registro_pessoa';
				});
				$(document).delegate('#button-account-invalid', 'click', function() {
			]]></add>
		</operation>
	</file>
	
</modification>